{
  "timestamp": "2025-12-09T14:20:07.428979",
  "methodology": "Signal + Noise simulation",
  "true_parameters": {
    "lambda_km": 1000.0,
    "ew_ns_ratio": 2.0,
    "amplitude": 0.3,
    "offset": 0.05
  },
  "noise_parameters": {
    "base_level": 0.15,
    "pdop_scaling": true
  },
  "n_stations": 200,
  "n_pairs": 14086,
  "sector_results": {
    "N": {
      "n_pairs": 2360,
      "lambda_true": 707.1067811865476,
      "lambda_observed": 610.7717786191954,
      "r2_true": 1.0,
      "r2_observed": 0.04893878455097056,
      "suppression": 0.8637617328380036
    },
    "NE": {
      "n_pairs": 1586,
      "lambda_true": 1000.0,
      "lambda_observed": 900.3686511240415,
      "r2_true": 1.0,
      "r2_observed": 0.06736995349824648,
      "suppression": 0.9003686511240415
    },
    "E": {
      "n_pairs": 1406,
      "lambda_true": 1414.2135623749796,
      "lambda_observed": 1589.3513455133777,
      "r2_true": 1.0,
      "r2_observed": 0.1131113730501806,
      "suppression": 1.1238411140989752
    },
    "SE": {
      "n_pairs": 1696,
      "lambda_true": 1000.0,
      "lambda_observed": 1062.333592498865,
      "r2_true": 1.0,
      "r2_observed": 0.06900423753508977,
      "suppression": 1.062333592498865
    },
    "S": {
      "n_pairs": 2229,
      "lambda_true": 707.1067811865474,
      "lambda_observed": 707.4681874938462,
      "r2_true": 1.0,
      "r2_observed": 0.021248832953962626,
      "suppression": 1.0005111057013092
    },
    "SW": {
      "n_pairs": 1685,
      "lambda_true": 1000.0,
      "lambda_observed": 802.781197180222,
      "r2_true": 1.0,
      "r2_observed": 0.08787580944330253,
      "suppression": 0.802781197180222
    },
    "W": {
      "n_pairs": 1448,
      "lambda_true": 1414.2135623898453,
      "lambda_observed": 1017.2135690358201,
      "r2_true": 1.0,
      "r2_observed": 0.1452927280417765,
      "suppression": 0.7192786125716795
    },
    "NW": {
      "n_pairs": 1676,
      "lambda_true": 1000.0,
      "lambda_observed": 934.7673375393757,
      "r2_true": 1.0,
      "r2_observed": 0.06016474231082469,
      "suppression": 0.9347673375393757
    }
  },
  "ratio_true": 2.0000000000131766,
  "ratio_observed": 1.9773068497042365,
  "distortion_factor": 0.9886534248456047,
  "conclusion": "No suppression detected"
}