{
  "step": "2.7",
  "name": "cmb_frame_analysis",
  "timestamp": "2025-12-06T14:03:28.946128",
  "processing_modes": [
    "baseline",
    "precise",
    "ionofree"
  ],
  "primary_mode": "baseline",
  "mode_station_counts": {
    "baseline": 82,
    "precise": 0,
    "ionofree": 80
  },
  "n_pairs": 72486,
  "best_fit": {
    "ra": 310.0,
    "dec": -80.0,
    "correlation": 0.03849026549562078
  },
  "cmb_comparison": {
    "separation_deg": 90.90524208523593,
    "correlation_at_cmb": -0.023572957017938025
  },
  "solar_apex_comparison": {
    "separation_deg": 112.05730664653302,
    "correlation_at_apex": -0.0068362615440431
  },
  "variance_ratio": 31.70031258955307,
  "comparison_to_code": {
    "code_ra": 186,
    "code_dec": -4,
    "code_cmb_sep": 18.2,
    "code_variance_ratio": 5570,
    "rinex_cmb_sep": 90.90524208523593,
    "rinex_variance_ratio": 31.70031258955307
  }
}