{
  "step": "2.3a",
  "name": "kp_stratification_all_modes",
  "timestamp": "2025-12-07T18:26:50.649276",
  "kp_threshold": 3.0,
  "quiet_days": 936,
  "storm_days": 160,
  "modes_processed": [
    "baseline",
    "ionofree",
    "multi_gnss"
  ],
  "results_by_mode": {
    "baseline": {
      "clock_bias/msc": {
        "quiet": {
          "lambda_km": 730.9484713129841,
          "r_squared": 0.9544771988916411,
          "n_pairs": 50929411
        },
        "storm": {
          "lambda_km": 701.4247052021907,
          "r_squared": 0.9506318860179663,
          "n_pairs": 8670961
        },
        "all": {
          "lambda_km": 726.5674715729848,
          "r_squared": 0.9539822755495254,
          "n_pairs": 59600372
        }
      },
      "clock_bias/phase_alignment": {
        "quiet": {
          "lambda_km": 1789.9959372743863,
          "r_squared": 0.9020689907820522,
          "n_pairs": 50929411
        },
        "storm": {
          "lambda_km": 1776.6914683604027,
          "r_squared": 0.9183170898159607,
          "n_pairs": 8670961
        },
        "all": {
          "lambda_km": 1788.1793802422153,
          "r_squared": 0.9044798715157241,
          "n_pairs": 59600372
        }
      },
      "pos_jitter/msc": {
        "quiet": {
          "lambda_km": 888.4089398562597,
          "r_squared": 0.9792641188998077,
          "n_pairs": 50929411
        },
        "storm": {
          "lambda_km": 854.1211291209607,
          "r_squared": 0.9789025637543233,
          "n_pairs": 8670961
        },
        "all": {
          "lambda_km": 883.267202475253,
          "r_squared": 0.9792649719424399,
          "n_pairs": 59600372
        }
      },
      "pos_jitter/phase_alignment": {
        "quiet": {
          "lambda_km": 2020.5377146183255,
          "r_squared": 0.9658101133372274,
          "n_pairs": 50929411
        },
        "storm": {
          "lambda_km": 2004.3522498798877,
          "r_squared": 0.970766959033467,
          "n_pairs": 8670961
        },
        "all": {
          "lambda_km": 2018.2882602438958,
          "r_squared": 0.9666733211062176,
          "n_pairs": 59600372
        }
      },
      "clock_drift/msc": {
        "quiet": {
          "lambda_km": 706.1106051263046,
          "r_squared": 0.9568675422439402,
          "n_pairs": 50929411
        },
        "storm": {
          "lambda_km": 676.8895209980528,
          "r_squared": 0.9535449889776525,
          "n_pairs": 8670961
        },
        "all": {
          "lambda_km": 701.7522192097314,
          "r_squared": 0.9564404409146783,
          "n_pairs": 59600372
        }
      },
      "clock_drift/phase_alignment": {
        "quiet": {
          "lambda_km": 1031.3715399297462,
          "r_squared": 0.9442830102483504,
          "n_pairs": 50929411
        },
        "storm": {
          "lambda_km": 996.2890099304852,
          "r_squared": 0.9536376470935815,
          "n_pairs": 8670961
        },
        "all": {
          "lambda_km": 1026.206316265761,
          "r_squared": 0.9457709006332079,
          "n_pairs": 59600372
        }
      }
    },
    "ionofree": {
      "clock_bias/msc": {
        "quiet": null,
        "storm": null,
        "all": null
      },
      "clock_bias/phase_alignment": {
        "quiet": null,
        "storm": null,
        "all": null
      },
      "pos_jitter/msc": {
        "quiet": null,
        "storm": null,
        "all": null
      },
      "pos_jitter/phase_alignment": {
        "quiet": null,
        "storm": null,
        "all": null
      },
      "clock_drift/msc": {
        "quiet": null,
        "storm": null,
        "all": null
      },
      "clock_drift/phase_alignment": {
        "quiet": null,
        "storm": null,
        "all": null
      }
    },
    "multi_gnss": {
      "clock_bias/msc": {
        "quiet": null,
        "storm": null,
        "all": null
      },
      "clock_bias/phase_alignment": {
        "quiet": null,
        "storm": null,
        "all": null
      },
      "pos_jitter/msc": {
        "quiet": null,
        "storm": null,
        "all": null
      },
      "pos_jitter/phase_alignment": {
        "quiet": null,
        "storm": null,
        "all": null
      },
      "clock_drift/msc": {
        "quiet": null,
        "storm": null,
        "all": null
      },
      "clock_drift/phase_alignment": {
        "quiet": null,
        "storm": null,
        "all": null
      }
    }
  },
  "results": {
    "clock_bias/msc": {
      "quiet": {
        "lambda_km": 730.9484713129841,
        "r_squared": 0.9544771988916411,
        "n_pairs": 50929411
      },
      "storm": {
        "lambda_km": 701.4247052021907,
        "r_squared": 0.9506318860179663,
        "n_pairs": 8670961
      },
      "all": {
        "lambda_km": 726.5674715729848,
        "r_squared": 0.9539822755495254,
        "n_pairs": 59600372
      }
    },
    "clock_bias/phase_alignment": {
      "quiet": {
        "lambda_km": 1789.9959372743863,
        "r_squared": 0.9020689907820522,
        "n_pairs": 50929411
      },
      "storm": {
        "lambda_km": 1776.6914683604027,
        "r_squared": 0.9183170898159607,
        "n_pairs": 8670961
      },
      "all": {
        "lambda_km": 1788.1793802422153,
        "r_squared": 0.9044798715157241,
        "n_pairs": 59600372
      }
    },
    "pos_jitter/msc": {
      "quiet": {
        "lambda_km": 888.4089398562597,
        "r_squared": 0.9792641188998077,
        "n_pairs": 50929411
      },
      "storm": {
        "lambda_km": 854.1211291209607,
        "r_squared": 0.9789025637543233,
        "n_pairs": 8670961
      },
      "all": {
        "lambda_km": 883.267202475253,
        "r_squared": 0.9792649719424399,
        "n_pairs": 59600372
      }
    },
    "pos_jitter/phase_alignment": {
      "quiet": {
        "lambda_km": 2020.5377146183255,
        "r_squared": 0.9658101133372274,
        "n_pairs": 50929411
      },
      "storm": {
        "lambda_km": 2004.3522498798877,
        "r_squared": 0.970766959033467,
        "n_pairs": 8670961
      },
      "all": {
        "lambda_km": 2018.2882602438958,
        "r_squared": 0.9666733211062176,
        "n_pairs": 59600372
      }
    },
    "clock_drift/msc": {
      "quiet": {
        "lambda_km": 706.1106051263046,
        "r_squared": 0.9568675422439402,
        "n_pairs": 50929411
      },
      "storm": {
        "lambda_km": 676.8895209980528,
        "r_squared": 0.9535449889776525,
        "n_pairs": 8670961
      },
      "all": {
        "lambda_km": 701.7522192097314,
        "r_squared": 0.9564404409146783,
        "n_pairs": 59600372
      }
    },
    "clock_drift/phase_alignment": {
      "quiet": {
        "lambda_km": 1031.3715399297462,
        "r_squared": 0.9442830102483504,
        "n_pairs": 50929411
      },
      "storm": {
        "lambda_km": 996.2890099304852,
        "r_squared": 0.9536376470935815,
        "n_pairs": 8670961
      },
      "all": {
        "lambda_km": 1026.206316265761,
        "r_squared": 0.9457709006332079,
        "n_pairs": 59600372
      }
    }
  }
}