{
  "step": "2.7",
  "name": "cmb_frame_analysis",
  "timestamp": "2025-12-06T13:04:48.592435",
  "processing_modes": [
    "baseline",
    "precise",
    "ionofree"
  ],
  "primary_mode": "baseline",
  "mode_station_counts": {
    "baseline": 82,
    "precise": 0,
    "ionofree": 80
  },
  "n_pairs": 72486,
  "best_fit": {
    "ra": 120.0,
    "dec": -70.0,
    "correlation": 0.07537547306868005
  },
  "cmb_comparison": {
    "separation_deg": 70.02134722113198,
    "correlation_at_cmb": -0.05106895518801026
  },
  "solar_apex_comparison": {
    "separation_deg": 136.79484499201195,
    "correlation_at_apex": 0.04323865633825284
  },
  "variance_ratio": 3.0388950331608187,
  "comparison_to_code": {
    "code_ra": 186,
    "code_dec": -4,
    "code_cmb_sep": 18.2,
    "code_variance_ratio": 5570,
    "rinex_cmb_sep": 70.02134722113198,
    "rinex_variance_ratio": 3.0388950331608187
  }
}