{
  "step": "2.4a",
  "name": "seasonal_analysis",
  "filter": "DYNAMIC_50",
  "timestamp": "2025-12-17T18:54:11.921464",
  "results_by_mode": {
    "baseline": {
      "clock_bias/msc": {
        "winter": {
          "lambda_km": 772.6962594254621,
          "r_squared": 0.9595427957937788,
          "n_pairs": 8403042,
          "n_bins": 40
        },
        "spring": {
          "lambda_km": 730.8957995859214,
          "r_squared": 0.9650185139098688,
          "n_pairs": 9751228,
          "n_bins": 40
        },
        "summer": {
          "lambda_km": 807.8309236413788,
          "r_squared": 0.978626603328871,
          "n_pairs": 9851687,
          "n_bins": 40
        },
        "autumn": {
          "lambda_km": 752.1458485601504,
          "r_squared": 0.9663937996883762,
          "n_pairs": 8618419,
          "n_bins": 40
        }
      },
      "clock_bias/phase_alignment": {
        "winter": {
          "lambda_km": 1750.3914284074924,
          "r_squared": 0.9158801100514091,
          "n_pairs": 8403042,
          "n_bins": 40
        },
        "spring": {
          "lambda_km": 1898.4549850046037,
          "r_squared": 0.9007182781088512,
          "n_pairs": 9751228,
          "n_bins": 40
        },
        "summer": {
          "lambda_km": 1780.0467283987591,
          "r_squared": 0.8842864923207578,
          "n_pairs": 9851687,
          "n_bins": 40
        },
        "autumn": {
          "lambda_km": 1724.1746051977086,
          "r_squared": 0.8966521387687614,
          "n_pairs": 8618419,
          "n_bins": 40
        }
      },
      "pos_jitter/msc": {
        "winter": {
          "lambda_km": 876.6043486073055,
          "r_squared": 0.9742593478294184,
          "n_pairs": 8403042,
          "n_bins": 40
        },
        "spring": {
          "lambda_km": 855.1488362582345,
          "r_squared": 0.9772573649772283,
          "n_pairs": 9751228,
          "n_bins": 40
        },
        "summer": {
          "lambda_km": 968.2492730075818,
          "r_squared": 0.9825569148552843,
          "n_pairs": 9851687,
          "n_bins": 40
        },
        "autumn": {
          "lambda_km": 893.5593305714342,
          "r_squared": 0.9821485273491165,
          "n_pairs": 8618419,
          "n_bins": 40
        }
      },
      "pos_jitter/phase_alignment": {
        "winter": {
          "lambda_km": 2078.698464042446,
          "r_squared": 0.9642223411610216,
          "n_pairs": 8403042,
          "n_bins": 40
        },
        "spring": {
          "lambda_km": 1981.643881853666,
          "r_squared": 0.9536862823378826,
          "n_pairs": 9751228,
          "n_bins": 40
        },
        "summer": {
          "lambda_km": 2169.524028539904,
          "r_squared": 0.9708066989238845,
          "n_pairs": 9851687,
          "n_bins": 40
        },
        "autumn": {
          "lambda_km": 2095.4020840030735,
          "r_squared": 0.9657535404232991,
          "n_pairs": 8618419,
          "n_bins": 40
        }
      },
      "clock_drift/msc": {
        "winter": {
          "lambda_km": 738.8717696314251,
          "r_squared": 0.9610012426430312,
          "n_pairs": 8403042,
          "n_bins": 40
        },
        "spring": {
          "lambda_km": 716.0680804090788,
          "r_squared": 0.9638784930277178,
          "n_pairs": 9751228,
          "n_bins": 40
        },
        "summer": {
          "lambda_km": 813.3734965930392,
          "r_squared": 0.9771324495918111,
          "n_pairs": 9851687,
          "n_bins": 40
        },
        "autumn": {
          "lambda_km": 719.0661038639271,
          "r_squared": 0.9688478207840128,
          "n_pairs": 8618419,
          "n_bins": 40
        }
      },
      "clock_drift/phase_alignment": {
        "winter": {
          "lambda_km": 1050.2910597522516,
          "r_squared": 0.9471506880597559,
          "n_pairs": 8403042,
          "n_bins": 40
        },
        "spring": {
          "lambda_km": 1036.603730864305,
          "r_squared": 0.9366661633265325,
          "n_pairs": 9751228,
          "n_bins": 40
        },
        "summer": {
          "lambda_km": 1023.1135939345213,
          "r_squared": 0.9255869462724884,
          "n_pairs": 9851687,
          "n_bins": 40
        },
        "autumn": {
          "lambda_km": 1030.3211435410874,
          "r_squared": 0.9540501971317231,
          "n_pairs": 8618419,
          "n_bins": 40
        }
      }
    },
    "ionofree": {
      "clock_bias/msc": {
        "winter": {
          "lambda_km": 857.2820483286773,
          "r_squared": 0.9769317942635283,
          "n_pairs": 8105943,
          "n_bins": 40
        },
        "spring": {
          "lambda_km": 1114.5918572880987,
          "r_squared": 0.9754099778241728,
          "n_pairs": 9450721,
          "n_bins": 40
        },
        "summer": {
          "lambda_km": 1317.2850597400932,
          "r_squared": 0.9726813863622398,
          "n_pairs": 9554120,
          "n_bins": 40
        },
        "autumn": {
          "lambda_km": 1088.0624684997476,
          "r_squared": 0.9799211634527119,
          "n_pairs": 8361409,
          "n_bins": 40
        }
      },
      "clock_bias/phase_alignment": {
        "winter": {
          "lambda_km": 1978.9458495561553,
          "r_squared": 0.8449111602591481,
          "n_pairs": 8105943,
          "n_bins": 40
        },
        "spring": {
          "lambda_km": 1734.9634176159825,
          "r_squared": 0.7407101504451719,
          "n_pairs": 9450721,
          "n_bins": 40
        },
        "summer": {
          "lambda_km": 1785.368950598886,
          "r_squared": 0.7389448241131009,
          "n_pairs": 9554120,
          "n_bins": 40
        },
        "autumn": {
          "lambda_km": 1954.651286041211,
          "r_squared": 0.8074682128022047,
          "n_pairs": 8361409,
          "n_bins": 40
        }
      },
      "pos_jitter/msc": {
        "winter": {
          "lambda_km": 868.3755864087179,
          "r_squared": 0.9657938223364992,
          "n_pairs": 8105943,
          "n_bins": 40
        },
        "spring": {
          "lambda_km": 1310.2761703605497,
          "r_squared": 0.9485484291265667,
          "n_pairs": 9450721,
          "n_bins": 40
        },
        "summer": {
          "lambda_km": 1442.3318049011991,
          "r_squared": 0.938820245482046,
          "n_pairs": 9554120,
          "n_bins": 40
        },
        "autumn": {
          "lambda_km": 1181.9019403027949,
          "r_squared": 0.9405592761010132,
          "n_pairs": 8361409,
          "n_bins": 40
        }
      },
      "pos_jitter/phase_alignment": {
        "winter": {
          "lambda_km": 3157.6566160268144,
          "r_squared": 0.9476746086258188,
          "n_pairs": 8105943,
          "n_bins": 40
        },
        "spring": {
          "lambda_km": 2929.992651389522,
          "r_squared": 0.9375826356219924,
          "n_pairs": 9450721,
          "n_bins": 40
        },
        "summer": {
          "lambda_km": 4108.977947314021,
          "r_squared": 0.9545808193666943,
          "n_pairs": 9554120,
          "n_bins": 40
        },
        "autumn": {
          "lambda_km": 3157.778616981884,
          "r_squared": 0.952799990008405,
          "n_pairs": 8361409,
          "n_bins": 40
        }
      },
      "clock_drift/msc": {
        "winter": {
          "lambda_km": 847.3271511925999,
          "r_squared": 0.9768939053280734,
          "n_pairs": 8105943,
          "n_bins": 40
        },
        "spring": {
          "lambda_km": 1132.4002650737852,
          "r_squared": 0.9730213507290741,
          "n_pairs": 9450721,
          "n_bins": 40
        },
        "summer": {
          "lambda_km": 1346.3832730184522,
          "r_squared": 0.9700678610232236,
          "n_pairs": 9554120,
          "n_bins": 40
        },
        "autumn": {
          "lambda_km": 1089.0411149966628,