{
  "timestamp": "2025-12-18T02:35:03.408592",
  "purpose": "First-principles derivation of geometric suppression factor",
  "methodology": {
    "gps_inclination_deg": 55.0,
    "gps_n_satellites": 31,
    "gps_n_planes": 6,
    "simulation_days": 30,
    "sampling_period_sec": 300.0,
    "frequency_band_hz": [
      1e-05,
      0.0005
    ],
    "note": "NO TEP signal injected - purely geometric noise"
  },
  "n_stations": 539,
  "n_pairs": 102303,
  "coherence_sector_results": {
    "N": {
      "amplitude": 0.0005888307509908967,
      "lambda_km": 3570.992251515224,
      "offset": 0.06950891929183839,
      "r_squared": 0.13209872161448988,
      "n_pairs": 18478,
      "n_bins": 19,
      "converged": true
    },
    "NE": {
      "amplitude": 0.0013428447483116997,
      "lambda_km": 662.0297825520062,
      "offset": 0.06973466381144561,
      "r_squared": 0.029588491209941892,
      "n_pairs": 11097,
      "n_bins": 18,
      "converged": true
    },
    "E": {
      "amplitude": 47.80860156302436,
      "lambda_km": 100.0000000060395,
      "offset": 0.06976616506981753,
      "r_squared": 0.08466310821902256,
      "n_pairs": 9975,
      "n_bins": 18,
      "converged": true
    },
    "SE": {
      "amplitude": 0.005431970988006534,
      "lambda_km": 789.5371163480842,
      "offset": 0.06972850192114084,
      "r_squared": 0.5406145674385794,
      "n_pairs": 11529,
      "n_bins": 18,
      "converged": true
    },
    "S": {
      "amplitude": 0.0004861076648393963,
      "lambda_km": 4417.511134569592,
      "offset": 0.06963216910102846,
      "r_squared": -0.00016005745938318938,
      "n_pairs": 18427,
      "n_bins": 19,
      "converged": true
    },
    "SW": {
      "amplitude": 0.003907513490832079,
      "lambda_km": 760.9292847868135,
      "offset": 0.0696928435824218,
      "r_squared": 0.2850548587272279,
      "n_pairs": 11551,
      "n_bins": 19,
      "converged": true
    },
    "W": {
      "amplitude": 0.01159930730248401,
      "lambda_km": 429.71664231943265,
      "offset": 0.06977744621398634,
      "r_squared": 0.008335113377946901,
      "n_pairs": 9967,
      "n_bins": 18,
      "converged": true
    },
    "NW": {
      "amplitude": 7.635100750059506e-07,
      "lambda_km": 100.46348604409471,
      "offset": 0.06959390513073216,
      "r_squared": -0.022850937816519146,
      "n_pairs": 11279,
      "n_bins": 18,
      "converged": true
    }
  },
  "coherence_ew_ns_analysis": {
    "ew_mean_lambda_km": 264.85832116273605,
    "ns_mean_lambda_km": 3994.251693042408,
    "ew_ns_ratio": 0.06630987266628517,
    "geometric_suppression_confirmed": "True",
    "suppression_factor": 15.080710605985578
  },
  "phase_alignment_sector_results": {
    "N": {
      "amplitude": 7.49237578242753e-12,
      "lambda_km": 100.00000007561086,
      "offset": 0.0009705177171588906,
      "r_squared": -0.07532211890717266,
      "n_pairs": 18478,
      "n_bins": 19,
      "converged": true
    },
    "NE": {
      "amplitude": 209.7357110703716,
      "lambda_km": 100.00000000000001,
      "offset": 0.0009684142852245271,
      "r_squared": -0.04970725292211253,
      "n_pairs": 11097,
      "n_bins": 18,
      "converged": true
    },
    "E": {
      "amplitude": 0.052900858049191764,
      "lambda_km": 5015.9854038963085,
      "offset": -0.016581072626634698,
      "r_squared": 0.0827864781328711,
      "n_pairs": 9975,
      "n_bins": 18,
      "converged": true
    },
    "SE": {
      "amplitude": 43.34225948636391,
      "lambda_km": 179.88186448334645,
      "offset": -0.0008154613845628294,
      "r_squared": 0.27168817674170975,
      "n_pairs": 11529,
      "n_bins": 18,
      "converged": true
    },
    "S": {
      "amplitude": 0.03373774257880879,
      "lambda_km": 1249.7121813702872,
      "offset": 0.0004883103159664918,
      "r_squared": 0.009276781781147103,
      "n_pairs": 18427,
      "n_bins": 19,
      "converged": true
    },
    "SW": {
      "amplitude": 0.07931444154703221,
      "lambda_km": 1823.6139551409037,
      "offset": -0.03435049783160007,
      "r_squared": 0.06213142663519966,
      "n_pairs": 11551,
      "n_bins": 19,
      "converged": true
    },
    "W": {
      "amplitude": 4.37142165901016e-15,
      "lambda_km": 100.00058696622106,
      "offset": 0.0069464833593091985,
      "r_squared": -0.0034413586978041533,
      "n_pairs": 9967,
      "n_bins": 18,
      "converged": true
    },
    "NW": {
      "amplitude": 1.0183898156401836e-12,
      "lambda_km": 100.00457631093602,
      "offset": -0.005727810948866667,
      "r_squared": -0.007687598329374934,
      "n_pairs": 11279,
      "n_bins": 18,
      "converged": true
    }
  },
  "phase_alignment_ew_ns_analysis": {
    "ew_mean_lambda_km": 2557.9929954312647,
    "ns_mean_lambda_km": 674.856090722949,
    "ew_ns_ratio": 3.7904273675458406,
    "geometric_suppression_confirmed": "False",
    "suppression_factor": null
  },
  "geometry_only": {
    "coherence_ew_ns": {
      "ew_mean_lambda_km": 264.85832116273605,
      "ns_mean_lambda_km": 3994.251693042408,
      "ew_ns_ratio": 0.06630987266628517,
      "geometric_suppression_confirmed": "True",
      "suppression_factor": 15.080710605985578
    },
    "phase_ew_ns": {
      "ew_mean_lambda_km": 2557.9929954312647,
      "ns_mean_lambda_km": 674.856090722949,
      "ew_ns_ratio": 3.7904273675458406,
      "geometric_suppression_confirmed": "False",
      "suppression_factor": null
    }
  },
  "iono_n_pairs": 102303,
  "ionosphere_simulation": {
    "sector_results": {
      "N": {
        "amplitude": 25.827830284969345,
        "lambda_km": 100.00000000043738,
        "offset": 0.14768375686429389,
        "r_squared": 0.027495277786156125,
        "n_pairs": 18478,
        "n_bins": 19,
        "converged": true
      },
      "NE": {
        "amplitude": 3.015421185660883e-11,
        "lambda_km": 100.00000844224684,
        "offset": 0.14868837363580684,
        "r_squared": -0.01740986310445969,
        "n_pairs": 11097,
        "n_bins": 18,
        "converged": true
      },
      "E": {
        "amplitude": 0.0031174925280955637,
        "lambda_km": 3817.5200275230955,
        "offset": 0.1488996815686777,
        "r_squared": 0.21417251792157666,
        "n_pairs": 9975,
        "n_bins": 18,
        "converged": true
      },
      "SE": {
        "amplitude": 0.36934731524840714,
        "lambda_km": 291.42166012628064,
        "offset": 0.14853476812499983,
        "r_squared": 0.4148506924958746,
        "n_pairs": 11529,
        "n_bins": 18,
        "converged": true
      },
      "S": {
        "amplitude": 9.822443622760314e-12,
        "lambda_km": 100.00000000550656,
        "offset": 0.14762796235439257,
        "r_squared": -0.1015196024481384,
        "n_pairs": 18427,
        "n_bins": 19,
        "converged": true
      },
      "SW": {
        "amplitude": 5.285475574226604e-19,
        "lambda_km": 100.00000000213234,
        "offset": 0.1489785010169862,
        "r_squared": -0.12160215256943263,
        "n_pairs": 11551,
        "n_bins": 19,
        "converged": true
      },
      "W": {
        "amplitude": 3.6830235261430927e-13,
        "lambda_km": 100.01132987239683,
        "offset": 0.14835046434548557,
        "r_squared": -0.013581249632917736,
        "n_pairs": 9967,
        "n_bins": 18,
        "converged": true
      },
      "NW": {
        "amplitude": 1.3900234180916696e-17,
        "lambda_km": 133.8135429383437,
        "offset": 0.148405878765909,
        "r_squared": -0.01594847448363801,
        "n_pairs": 11279,
        "n_bins": 18,
        "converged": true
      }
    },
    "ew_ns_analysis": {
      "ew_mean_lambda_km": 1958.7656786977461,
      "ns_mean_lambda_km": 100.00000000297197,
      "ew_ns_ratio": 19.58765678639532,
      "geometric_suppression_confirmed": "False",
      "suppression_factor": null
    }
  },
  "europe_analysis": null,