{
  "step": "2.4a",
  "name": "seasonal_analysis",
  "filter": "ALL_STATIONS",
  "timestamp": "2025-12-17T18:47:34.316941",
  "results_by_mode": {
    "baseline": {
      "clock_bias/msc": {
        "winter": {
          "lambda_km": 731.7553175724441,
          "r_squared": 0.9447440131066593,
          "n_pairs": 14477854,
          "n_bins": 40
        },
        "spring": {
          "lambda_km": 688.1949559923053,
          "r_squared": 0.9429420340780192,
          "n_pairs": 16312021,
          "n_bins": 40
        },
        "summer": {
          "lambda_km": 761.337004779483,
          "r_squared": 0.9697679668574125,
          "n_pairs": 15274338,
          "n_bins": 40
        },
        "autumn": {
          "lambda_km": 730.9423206651926,
          "r_squared": 0.9462185436922246,
          "n_pairs": 15728976,
          "n_bins": 40
        }
      },
      "clock_bias/phase_alignment": {
        "winter": {
          "lambda_km": 1776.936302337464,
          "r_squared": 0.9147875572261672,
          "n_pairs": 14477854,
          "n_bins": 40
        },
        "spring": {
          "lambda_km": 1887.69726458182,
          "r_squared": 0.9123999823554071,
          "n_pairs": 16312021,
          "n_bins": 40
        },
        "summer": {
          "lambda_km": 1752.4935234884874,
          "r_squared": 0.8878748432988949,
          "n_pairs": 15274338,
          "n_bins": 40
        },
        "autumn": {
          "lambda_km": 1779.1023804721829,
          "r_squared": 0.9029849776584431,
          "n_pairs": 15728976,
          "n_bins": 40
        }
      },
      "pos_jitter/msc": {
        "winter": {
          "lambda_km": 856.6448291144827,
          "r_squared": 0.9747922997295112,
          "n_pairs": 14477854,
          "n_bins": 40
        },
        "spring": {
          "lambda_km": 829.1235954410014,
          "r_squared": 0.9739563481987354,
          "n_pairs": 16312021,
          "n_bins": 40
        },
        "summer": {
          "lambda_km": 934.1878874691964,
          "r_squared": 0.984015092872965,
          "n_pairs": 15274338,
          "n_bins": 40
        },
        "autumn": {
          "lambda_km": 897.7786401091283,
          "r_squared": 0.9780826410268707,
          "n_pairs": 15728976,
          "n_bins": 40
        }
      },
      "pos_jitter/phase_alignment": {
        "winter": {
          "lambda_km": 1989.1489512405676,
          "r_squared": 0.9620606638723987,
          "n_pairs": 14477854,
          "n_bins": 40
        },
        "spring": {
          "lambda_km": 1878.7273012007772,
          "r_squared": 0.9515652280287213,
          "n_pairs": 16312021,
          "n_bins": 40
        },
        "summer": {
          "lambda_km": 2129.2670389400782,
          "r_squared": 0.9740911710478452,
          "n_pairs": 15274338,
          "n_bins": 40
        },
        "autumn": {
          "lambda_km": 2027.4937684403874,
          "r_squared": 0.9649307106790057,
          "n_pairs": 15728976,
          "n_bins": 40
        }
      },
      "clock_drift/msc": {
        "winter": {
          "lambda_km": 688.6214519397438,
          "r_squared": 0.9498595621395337,
          "n_pairs": 14477854,
          "n_bins": 40
        },
        "spring": {
          "lambda_km": 669.9122201743475,
          "r_squared": 0.944260771123633,
          "n_pairs": 16312021,
          "n_bins": 40
        },
        "summer": {
          "lambda_km": 764.5797394713428,
          "r_squared": 0.9687718960363064,
          "n_pairs": 15274338,
          "n_bins": 40
        },
        "autumn": {
          "lambda_km": 687.081951107294,
          "r_squared": 0.9523588909801363,
          "n_pairs": 15728976,
          "n_bins": 40
        }
      },
      "clock_drift/phase_alignment": {
        "winter": {
          "lambda_km": 1048.1870888337187,
          "r_squared": 0.9501393805822054,
          "n_pairs": 14477854,
          "n_bins": 40
        },
        "spring": {
          "lambda_km": 1008.6098609761956,
          "r_squared": 0.9380094163695647,
          "n_pairs": 16312021,
          "n_bins": 40
        },
        "summer": {
          "lambda_km": 1008.8853854904978,
          "r_squared": 0.9255403297427836,
          "n_pairs": 15274338,
          "n_bins": 40
        },
        "autumn": {
          "lambda_km": 1022.469643667466,
          "r_squared": 0.9637421231782741,
          "n_pairs": 15728976,
          "n_bins": 40
        }
      }
    },
    "ionofree": {
      "clock_bias/msc": {
        "winter": {
          "lambda_km": 817.7040115151605,
          "r_squared": 0.975712449643714,
          "n_pairs": 13830804,
          "n_bins": 40
        },
        "spring": {
          "lambda_km": 1111.02816907545,
          "r_squared": 0.9569291554270615,
          "n_pairs": 15600147,
          "n_bins": 40
        },
        "summer": {
          "lambda_km": 1353.8490673892682,
          "r_squared": 0.9690075038010838,
          "n_pairs": 14596256,
          "n_bins": 40
        },
        "autumn": {
          "lambda_km": 1089.7517440494175,
          "r_squared": 0.9715594470887862,
          "n_pairs": 15057478,
          "n_bins": 40
        }
      },
      "clock_bias/phase_alignment": {
        "winter": {
          "lambda_km": 1896.4646424547955,
          "r_squared": 0.8370010362502438,
          "n_pairs": 13830804,
          "n_bins": 40
        },
        "spring": {
          "lambda_km": 1632.6167933794993,
          "r_squared": 0.7233802657818449,
          "n_pairs": 15600147,
          "n_bins": 40
        },
        "summer": {
          "lambda_km": 1752.9666573345462,
          "r_squared": 0.7355396138645045,
          "n_pairs": 14596256,
          "n_bins": 40
        },
        "autumn": {
          "lambda_km": 1853.5773073821008,
          "r_squared": 0.8059037943551683,
          "n_pairs": 15057478,
          "n_bins": 40
        }
      },
      "pos_jitter/msc": {
        "winter": {
          "lambda_km": 897.1322605964269,
          "r_squared": 0.9641720980879862,
          "n_pairs": 13830804,
          "n_bins": 40
        },
        "spring": {
          "lambda_km": 1377.7144574401227,
          "r_squared": 0.9362007929609855,
          "n_pairs": 15600147,
          "n_bins": 40
        },
        "summer": {
          "lambda_km": 1529.8976938355875,
          "r_squared": 0.9345812826043248,
          "n_pairs": 14596256,
          "n_bins": 40
        },
        "autumn": {
          "lambda_km": 1354.5465508629495,
          "r_squared": 0.9279832373033597,
          "n_pairs": 15057478,
          "n_bins": 40
        }
      },
      "pos_jitter/phase_alignment": {
        "winter": {
          "lambda_km": 3332.33401469324,
          "r_squared": 0.9472867660464662,
          "n_pairs": 13830804,
          "n_bins": 40
        },
        "spring": {
          "lambda_km": 3176.3985706543126,
          "r_squared": 0.9386384934173814,
          "n_pairs": 15600147,
          "n_bins": 40
        },
        "summer": {
          "lambda_km": 4183.438100454489,
          "r_squared": 0.9512464409317074,
          "n_pairs": 14596256,
          "n_bins": 40
        },
        "autumn": {
          "lambda_km": 3380.548481801787,
          "r_squared": 0.9545572888726043,
          "n_pairs": 15057478,
          "n_bins": 40
        }
      },
      "clock_drift/msc": {
        "winter": {
          "lambda_km": 810.2416842597402,
          "r_squared": 0.976773359160839,
          "n_pairs": 13830804,
          "n_bins": 40
        },
        "spring": {
          "lambda_km": 1125.4038012790113,
          "r_squared": 0.9579263727931862,
          "n_pairs": 15600147,
          "n_bins": 40
        },
        "summer": {
          "lambda_km": 1381.807049575703,
          "r_squared": 0.9669609363649185,
          "n_pairs": 14596256,
          "n_bins": 40
        },