{
  "step": "2.7",
  "name": "cmb_frame_analysis",
  "timestamp": "2025-12-06T15:02:11.278228",
  "processing_modes": [
    "baseline",
    "precise",
    "ionofree"
  ],
  "primary_mode": "baseline",
  "mode_station_counts": {
    "baseline": 82,
    "precise": 0,
    "ionofree": 80
  },
  "n_pairs": 72486,
  "best_fit": {
    "ra": 110.0,
    "dec": -60.0,
    "correlation": 0.08580942258533607
  },
  "cmb_comparison": {
    "separation_deg": 68.3752217968418,
    "correlation_at_cmb": -0.06456825977452241
  },
  "solar_apex_comparison": {
    "separation_deg": 147.39807073247897,
    "correlation_at_apex": 0.06806792923107402
  },
  "variance_ratio": 1.5892231125598673,
  "comparison_to_code": {
    "code_ra": 186,
    "code_dec": -4,
    "code_cmb_sep": 18.2,
    "code_variance_ratio": 5570,
    "rinex_cmb_sep": 68.3752217968418,
    "rinex_variance_ratio": 1.5892231125598673
  }
}