{
  "step": "2.0",
  "name": "Multi-Metric SPP Correlation Analysis - All Processing Modes",
  "filter_mode": "ALL STATIONS",
  "completion_time": "2025-12-16T05:17:32.294559",
  "status": "completed",
  "n_stations": 539,
  "n_pairs": {
    "clock_bias": 40,
    "pos_jitter": 40,
    "clock_drift": 40,
    "ionofree_clock_bias": 40,
    "ionofree_pos_jitter": 40,
    "ionofree_clock_drift": 40,
    "mgex_clock_bias": 40,
    "mgex_pos_jitter": 40,
    "mgex_clock_drift": 40,
    "precise_clock_bias": 40,
    "precise_pos_jitter": 40,
    "precise_clock_drift": 40
  },
  "analysis_by_mode": {
    "baseline": {
      "clock_bias": {
        "amplitude": 0.18167121915393653,
        "correlation_length_km": 727.0407184963756,
        "offset": 0.5485302376960626,
        "r_squared": 0.9706835066597147,
        "success": true,
        "n_pairs": 61853126,
        "n_bins": 40,
        "metric_type": "normalized_msc"
      },
      "clock_bias_phase_alignment": {
        "amplitude": 1.056103954557617,
        "correlation_length_km": 1795.8765549012608,
        "offset": -0.055673270803149065,
        "r_squared": 0.9508262588534424,
        "success": true,
        "n_pairs": 61853126,
        "n_bins": 40,
        "metric_type": "phase_alignment"
      },
      "pos_jitter": {
        "amplitude": 0.2214667155905423,
        "correlation_length_km": 877.9897369502553,
        "offset": 0.5492365828530348,
        "r_squared": 0.9784216721400013,
        "success": true,
        "n_pairs": 61853126,
        "n_bins": 40,
        "metric_type": "normalized_msc"
      },
      "pos_jitter_phase_alignment": {
        "amplitude": 1.3448112624803568,
        "correlation_length_km": 1991.4040834269076,
        "offset": -0.04057585158053275,
        "r_squared": 0.832599411845844,
        "success": true,
        "n_pairs": 61853126,
        "n_bins": 40,
        "metric_type": "phase_alignment"
      },
      "clock_drift": {
        "amplitude": 0.1826761136367704,
        "correlation_length_km": 701.5835670298417,
        "offset": 0.5475237666441435,
        "r_squared": 0.9738131082999044,
        "success": true,
        "n_pairs": 61853126,
        "n_bins": 40,
        "metric_type": "normalized_msc"
      },
      "clock_drift_phase_alignment": {
        "amplitude": 0.969223159727817,
        "correlation_length_km": 1019.2212461071455,
        "offset": -0.006900149805069902,
        "r_squared": 0.9816204663412126,
        "success": true,
        "n_pairs": 61853126,
        "n_bins": 40,
        "metric_type": "phase_alignment"
      }
    },
    "ionofree": {
      "ionofree_clock_bias": {
        "amplitude": 0.10938985905062695,
        "correlation_length_km": 1073.1676108218217,
        "offset": 0.5474701422470865,
        "r_squared": 0.9720972841375455,
        "success": true,
        "n_pairs": 59141613,
        "n_bins": 40,
        "metric_type": "normalized_msc"
      },
      "ionofree_clock_bias_phase_alignment": {
        "amplitude": 1.1794749918339746,
        "correlation_length_km": 1773.3485855369531,
        "offset": -0.056769894959671774,
        "r_squared": 0.8406469723883307,
        "success": true,
        "n_pairs": 59141613,
        "n_bins": 40,
        "metric_type": "phase_alignment"
      },
      "ionofree_pos_jitter": {
        "amplitude": 0.11136624026975926,
        "correlation_length_km": 1239.295750161268,
        "offset": 0.5488661587605458,
        "r_squared": 0.9773225617159155,
        "success": true,
        "n_pairs": 59141613,
        "n_bins": 40,
        "metric_type": "normalized_msc"
      },
      "ionofree_pos_jitter_phase_alignment": {
        "amplitude": 1.0978854491336474,
        "correlation_length_km": 3511.759981179828,
        "offset": -0.12993765321301998,
        "r_squared": 0.9721009893881224,
        "success": true,
        "n_pairs": 59141613,
        "n_bins": 40,
        "metric_type": "phase_alignment"
      },
      "ionofree_clock_drift": {
        "amplitude": 0.10896725373194517,
        "correlation_length_km": 1074.1047551784918,
        "offset": 0.5470464877997263,
        "r_squared": 0.9759901051651729,
        "success": true,
        "n_pairs": 59141613,
        "n_bins": 40,
        "metric_type": "normalized_msc"
      },
      "ionofree_clock_drift_phase_alignment": {
        "amplitude": 0.844279382339294,
        "correlation_length_km": 1103.5341837145288,
        "offset": -0.004974917213365515,
        "r_squared": 0.9751614897225874,
        "success": true,
        "n_pairs": 59141613,
        "n_bins": 40,
        "metric_type": "phase_alignment"
      }
    },
    "multi_gnss": {
      "mgex_clock_bias": {
        "amplitude": 0.1369835527777544,
        "correlation_length_km": 821.2190119783978,
        "offset": 0.5472898361225648,
        "r_squared": 0.9264111623463297,
        "success": true,
        "n_pairs": 58050018,
        "n_bins": 40,
        "metric_type": "normalized_msc"
      },
      "mgex_clock_bias_phase_alignment": {
        "amplitude": 0.9359505044324514,
        "correlation_length_km": 1770.947083191959,
        "offset": -0.04744413977448219,
        "r_squared": 0.9743481060652293,
        "success": true,
        "n_pairs": 58050018,
        "n_bins": 40,
        "metric_type": "phase_alignment"
      },
      "mgex_pos_jitter": {
        "amplitude": 0.1765206140952629,
        "correlation_length_km": 928.3826061122572,
        "offset": 0.5482168766613706,
        "r_squared": 0.9908080820839721,
        "success": true,
        "n_pairs": 58050018,
        "n_bins": 40,
        "metric_type": "normalized_msc"
      },
      "mgex_pos_jitter_phase_alignment": {
        "amplitude": 1.3337608160088323,
        "correlation_length_km": 1769.6833407046506,
        "offset": -0.031407459444431476,
        "r_squared": 0.8546353284702857,
        "success": true,
        "n_pairs": 58050018,
        "n_bins": 40,
        "metric_type": "phase_alignment"
      },
      "mgex_clock_drift": {
        "amplitude": 0.13855422870783207,
        "correlation_length_km": 763.6177385332875,
        "offset": 0.5462057385210842,
        "r_squared": 0.9361434700207387,
        "success": true,
        "n_pairs": 58050018,
        "n_bins": 40,
        "metric_type": "normalized_msc"
      },
      "mgex_clock_drift_phase_alignment": {
        "amplitude": 0.9572677866982416,
        "correlation_length_km": 983.9241185163448,
        "offset": -0.00442356534223867,
        "r_squared": 0.9868811654294168,
        "success": true,
        "n_pairs": 58050018,
        "n_bins": 40,
        "metric_type": "phase_alignment"
      }
    },
    "precise": {
      "precise_clock_bias": {
        "amplitude": 0.1030237574934692,
        "correlation_length_km": 1201.8128215544634,
        "offset": 0.5465237155816078,
        "r_squared": 0.9743581346076666,
        "success": true,
        "n_pairs": 58703009,
        "n_bins": 40,
        "metric_type": "normalized_msc"
      },
      "precise_clock_bias_phase_alignment": {
        "amplitude": 1.1665931368921472,
        "correlation_length_km": 1702.5933421586901,
        "offset": -0.014630666210967425,
        "r_squared": 0.7884982457286375,
        "success": true,
        "n_pairs": 58703009,
        "n_bins": 40,
        "metric_type": "phase_alignment"
      },
      "precise_pos_jitter": {
        "amplitude": 0.10181995167101582,
        "correlation_length_km": 1402.9991058580963,
        "offset": 0.5483097980699927,
        "r_squared": 0.9717289251882921,
        "success": true,
        "n_pairs": 58703009,
        "n_bins": 40,
        "metric_type": "normalized_msc"
      },
      "precise_pos_jitter_phase_alignment": {
        "amplitude": 1.0793656025323846,
        "correlation_length_km": 3581.194956460193,
        "offset": -0.10499344203679271,
        "r_squared": 0.9808817056445165,
        "success": true,
        "n_pairs": 58703009,