{
  "step": "2.0",
  "name": "Multi-Metric SPP Correlation Analysis - All Processing Modes",
  "filter_mode": "ALL STATIONS",
  "completion_time": "2025-12-04T19:18:02.381546",
  "status": "completed",
  "n_stations": 538,
  "n_pairs": {
    "clock_bias": 59600372,
    "pos_jitter": 59600372,
    "clock_drift": 59600372,
    "ionofree_clock_bias": 56950341,
    "ionofree_pos_jitter": 56950341,
    "ionofree_clock_drift": 56950341,
    "mgex_clock_bias": 55828581,
    "mgex_pos_jitter": 55828581,
    "mgex_clock_drift": 55828581
  },
  "analysis_by_mode": {
    "baseline": {
      "clock_bias": {
        "amplitude": 0.18303784439734166,
        "correlation_length_km": 726.5674981045433,
        "offset": 0.5485356973836694,
        "r_squared": 0.9710580603596178,
        "success": true,
        "n_pairs": 59600372,
        "metric_type": "normalized_msc"
      },
      "clock_bias_phase_alignment": {
        "amplitude": 1.0574513011577158,
        "correlation_length_km": 1788.1793797400653,
        "offset": -0.05505757540852801,
        "r_squared": 0.9495949626789366,
        "success": true,
        "n_pairs": 59600372,
        "metric_type": "phase_alignment"
      },
      "pos_jitter": {
        "amplitude": 0.22272404269213064,
        "correlation_length_km": 883.2671919927053,
        "offset": 0.5492977982319082,
        "r_squared": 0.9789336966735859,
        "success": true,
        "n_pairs": 59600372,
        "metric_type": "normalized_msc"
      },
      "pos_jitter_phase_alignment": {
        "amplitude": 1.3440484649017872,
        "correlation_length_km": 2018.2882572953156,
        "offset": -0.04173091294614055,
        "r_squared": 0.8343137207085609,
        "success": true,
        "n_pairs": 59600372,
        "metric_type": "phase_alignment"
      },
      "clock_drift": {
        "amplitude": 0.1840083850996725,
        "correlation_length_km": 701.7521905661897,
        "offset": 0.5475710833947746,
        "r_squared": 0.9741099058782485,
        "success": true,
        "n_pairs": 59600372,
        "metric_type": "normalized_msc"
      },
      "clock_drift_phase_alignment": {
        "amplitude": 0.9699553958597353,
        "correlation_length_km": 1026.2063165127886,
        "offset": -0.007045895415020336,
        "r_squared": 0.9815904693249102,
        "success": true,
        "n_pairs": 59600372,
        "metric_type": "phase_alignment"
      }
    },
    "ionofree": {
      "ionofree_clock_bias": {
        "amplitude": 0.11023835486821724,
        "correlation_length_km": 1071.6347918407287,
        "offset": 0.5475060609927497,
        "r_squared": 0.9731640824190251,
        "success": true,
        "n_pairs": 56950341,
        "metric_type": "normalized_msc"
      },
      "ionofree_clock_bias_phase_alignment": {
        "amplitude": 1.1823752263392968,
        "correlation_length_km": 1784.10270539218,
        "offset": -0.05815080212788699,
        "r_squared": 0.8390201572951864,
        "success": true,
        "n_pairs": 56950341,
        "metric_type": "phase_alignment"
      },
      "ionofree_pos_jitter": {
        "amplitude": 0.11199512057841458,
        "correlation_length_km": 1233.0017894733753,
        "offset": 0.5489364752293409,
        "r_squared": 0.9780316645708952,
        "success": true,
        "n_pairs": 56950341,
        "metric_type": "normalized_msc"
      },
      "ionofree_pos_jitter_phase_alignment": {
        "amplitude": 1.1006451082805364,
        "correlation_length_km": 3485.490865950388,
        "offset": -0.1294802979508768,
        "r_squared": 0.9725403306676137,
        "success": true,
        "n_pairs": 56950341,
        "metric_type": "phase_alignment"
      },
      "ionofree_clock_drift": {
        "amplitude": 0.10977370030027506,
        "correlation_length_km": 1072.4645501469897,
        "offset": 0.5470897409764901,
        "r_squared": 0.9768390463296344,
        "success": true,
        "n_pairs": 56950341,
        "metric_type": "normalized_msc"
      },
      "ionofree_clock_drift_phase_alignment": {
        "amplitude": 0.8471275565389839,
        "correlation_length_km": 1108.9142565161483,
        "offset": -0.004848092880456853,
        "r_squared": 0.9746911232842592,
        "success": true,
        "n_pairs": 56950341,
        "metric_type": "phase_alignment"
      }
    },
    "multi_gnss": {
      "mgex_clock_bias": {
        "amplitude": 0.13756067181259665,
        "correlation_length_km": 814.6439839500938,
        "offset": 0.5473400511246064,
        "r_squared": 0.9275481928107807,
        "success": true,
        "n_pairs": 55828581,
        "metric_type": "normalized_msc"
      },
      "mgex_clock_bias_phase_alignment": {
        "amplitude": 0.9342071802324455,
        "correlation_length_km": 1756.6120301150127,
        "offset": -0.04621751569413039,
        "r_squared": 0.9742648339506801,
        "success": true,
        "n_pairs": 55828581,
        "metric_type": "phase_alignment"
      },
      "mgex_pos_jitter": {
        "amplitude": 0.17652509973462097,
        "correlation_length_km": 929.7660187751186,
        "offset": 0.5482866839500824,
        "r_squared": 0.9909211007716787,
        "success": true,
        "n_pairs": 55828581,
        "metric_type": "normalized_msc"
      },
      "mgex_pos_jitter_phase_alignment": {
        "amplitude": 1.3332475723458554,
        "correlation_length_km": 1783.4017297525297,
        "offset": -0.03254416161353539,
        "r_squared": 0.8555616499994367,
        "success": true,
        "n_pairs": 55828581,
        "metric_type": "phase_alignment"
      },
      "mgex_clock_drift": {
        "amplitude": 0.13909022763247875,
        "correlation_length_km": 758.3590624722599,
        "offset": 0.5462723609892177,
        "r_squared": 0.9370802324456537,
        "success": true,
        "n_pairs": 55828581,
        "metric_type": "normalized_msc"
      },
      "mgex_clock_drift_phase_alignment": {
        "amplitude": 0.9572506972710396,
        "correlation_length_km": 984.7174733328882,
        "offset": -0.00421397941211057,
        "r_squared": 0.9870259141806549,
        "success": true,
        "n_pairs": 55828581,
        "metric_type": "phase_alignment"
      }
    }
  },
  "analysis": {
    "clock_bias": {
      "amplitude": 0.18303784439734166,
      "amplitude_err": 0.010038588144498007,
      "correlation_length_km": 726.5674981045433,
      "correlation_length_err_km": 49.90855553430485,
      "offset": 0.5485356973836694,
      "offset_err": 0.0008300856891824647,
      "r_squared": 0.9710580603596178,
      "success": true,
      "n_pairs": 59600372
    },
    "pos_jitter": {
      "amplitude": 0.22272404269213064,
      "amplitude_err": 0.007947541618949706,
      "correlation_length_km": 883.2671919927053,
      "correlation_length_err_km": 40.82390224225142,
      "offset": 0.5492977982319082,
      "offset_err": 0.0007675100178698429,
      "r_squared": 0.9789336966735859,
      "success": true,
      "n_pairs": 59600372
    },
    "clock_drift": {
      "amplitude": 0.1840083850996725,
      "amplitude_err": 0.00983697745967757,
      "correlation_length_km": 701.7521905661897,
      "correlation_length_err_km": 46.72829057161508,
      "offset": 0.5475710833947746,
      "offset_err": 0.0007913797101182252,
      "r_squared": 0.9741099058782485,
      "success": true,
      "n_pairs": 59600372
    },
    "ionofree_clock_bias": {
      "amplitude": 0.11023835486821724,
      "amplitude_err": 0.004716191202566037,
      "correlation_length_km": 1071.6347918407287,
      "correlation_length_err_km": 62.20665269257751,
      "offset": 0.5475060609927497,
      "offset_err": 0.000539687420846347,
      "r_squared": 0.9731640824190251,
      "success": true,
      "n_pairs": 56950341
    },
    "ionofree_pos_jitter": {
      "amplitude": 0.11199512057841458,
      "amplitude_err": 0.00664983074833368,
      "correlation_length_km": 1233.0017894733753,