{
  "step": "2.4a",
  "name": "seasonal_analysis",
  "filter": "OPTIMAL_100",
  "timestamp": "2025-12-17T18:47:59.009918",
  "results_by_mode": {
    "baseline": {
      "clock_bias/msc": {
        "winter": {
          "lambda_km": 639.724500557603,
          "r_squared": 0.9689584464351664,
          "n_pairs": 579217,
          "n_bins": 36
        },
        "spring": {
          "lambda_km": 576.120877420607,
          "r_squared": 0.973058809983662,
          "n_pairs": 597010,
          "n_bins": 36
        },
        "summer": {
          "lambda_km": 694.3301066933498,
          "r_squared": 0.977310675302885,
          "n_pairs": 622344,
          "n_bins": 36
        },
        "autumn": {
          "lambda_km": 620.5465528381915,
          "r_squared": 0.9672656659797734,
          "n_pairs": 621500,
          "n_bins": 36
        }
      },
      "clock_bias/phase_alignment": {
        "winter": {
          "lambda_km": 1732.5528657274458,
          "r_squared": 0.9063114907993859,
          "n_pairs": 579217,
          "n_bins": 36
        },
        "spring": {
          "lambda_km": 2711.0823945243815,
          "r_squared": 0.957508643486519,
          "n_pairs": 597010,
          "n_bins": 36
        },
        "summer": {
          "lambda_km": 2536.127528266907,
          "r_squared": 0.9563168198119112,
          "n_pairs": 622344,
          "n_bins": 36
        },
        "autumn": {
          "lambda_km": 1671.2595625960812,
          "r_squared": 0.8699667851190966,
          "n_pairs": 621500,
          "n_bins": 36
        }
      },
      "pos_jitter/msc": {
        "winter": {
          "lambda_km": 661.2085601415251,
          "r_squared": 0.9890229861834321,
          "n_pairs": 579217,
          "n_bins": 36
        },
        "spring": {
          "lambda_km": 626.6925164836897,
          "r_squared": 0.9910219615216289,
          "n_pairs": 597010,
          "n_bins": 36
        },
        "summer": {
          "lambda_km": 782.4190276642746,
          "r_squared": 0.9866031050363251,
          "n_pairs": 622344,
          "n_bins": 36
        },
        "autumn": {
          "lambda_km": 675.9851306193399,
          "r_squared": 0.9865222483594609,
          "n_pairs": 621500,
          "n_bins": 36
        }
      },
      "pos_jitter/phase_alignment": {
        "winter": {
          "lambda_km": 2811.729228919833,
          "r_squared": 0.9803084581332158,
          "n_pairs": 579217,
          "n_bins": 36
        },
        "spring": {
          "lambda_km": 3100.194130825147,
          "r_squared": 0.980526853744141,
          "n_pairs": 597010,
          "n_bins": 36
        },
        "summer": {
          "lambda_km": 3270.2026885157625,
          "r_squared": 0.9802782702564166,
          "n_pairs": 622344,
          "n_bins": 36
        },
        "autumn": {
          "lambda_km": 2806.474732571633,
          "r_squared": 0.9745351047153982,
          "n_pairs": 621500,
          "n_bins": 36
        }
      },
      "clock_drift/msc": {
        "winter": {
          "lambda_km": 622.3280702317996,
          "r_squared": 0.9723602374126269,
          "n_pairs": 579217,
          "n_bins": 36
        },
        "spring": {
          "lambda_km": 565.7206242461316,
          "r_squared": 0.9750103033656001,
          "n_pairs": 597010,
          "n_bins": 36
        },
        "summer": {
          "lambda_km": 699.2576301761939,
          "r_squared": 0.9769363914156866,
          "n_pairs": 622344,
          "n_bins": 36
        },
        "autumn": {
          "lambda_km": 614.9303218594855,
          "r_squared": 0.9718561094982338,
          "n_pairs": 621500,
          "n_bins": 36
        }
      },
      "clock_drift/phase_alignment": {
        "winter": {
          "lambda_km": 1073.6341800340967,
          "r_squared": 0.9469363011292303,
          "n_pairs": 579217,
          "n_bins": 36
        },
        "spring": {
          "lambda_km": 987.5064367302025,
          "r_squared": 0.9451661156954267,
          "n_pairs": 597010,
          "n_bins": 36
        },
        "summer": {
          "lambda_km": 1099.163824308778,
          "r_squared": 0.9414444994393718,
          "n_pairs": 622344,
          "n_bins": 36
        },
        "autumn": {
          "lambda_km": 1080.0777354723496,
          "r_squared": 0.9514536898297974,
          "n_pairs": 621500,
          "n_bins": 36
        }
      }
    },
    "ionofree": {
      "clock_bias/msc": {
        "winter": {
          "lambda_km": 708.8553783870345,
          "r_squared": 0.9794699455609844,
          "n_pairs": 564675,
          "n_bins": 36
        },
        "spring": {
          "lambda_km": 759.642077846704,
          "r_squared": 0.9685440406215078,
          "n_pairs": 583902,
          "n_bins": 36
        },
        "summer": {
          "lambda_km": 1000.909541077305,
          "r_squared": 0.9684416399119031,
          "n_pairs": 610219,
          "n_bins": 36
        },
        "autumn": {
          "lambda_km": 804.6860201245781,
          "r_squared": 0.9741080107205461,
          "n_pairs": 610968,
          "n_bins": 36
        }
      },
      "clock_bias/phase_alignment": {
        "winter": {
          "lambda_km": 2019.5925164363236,
          "r_squared": 0.8585607317543481,
          "n_pairs": 564675,
          "n_bins": 36
        },
        "spring": {
          "lambda_km": 1841.9137263963005,
          "r_squared": 0.8215370455643853,
          "n_pairs": 583902,
          "n_bins": 36
        },
        "summer": {
          "lambda_km": 1978.013909877557,
          "r_squared": 0.8147527054202258,
          "n_pairs": 610219,
          "n_bins": 36
        },
        "autumn": {
          "lambda_km": 1874.7066436302175,
          "r_squared": 0.8315471628209581,
          "n_pairs": 610968,
          "n_bins": 36
        }
      },
      "pos_jitter/msc": {
        "winter": {
          "lambda_km": 583.7648980738686,
          "r_squared": 0.9699385079154144,
          "n_pairs": 564675,
          "n_bins": 36
        },
        "spring": {
          "lambda_km": 708.9851147585865,
          "r_squared": 0.9404245493112503,
          "n_pairs": 583902,
          "n_bins": 36
        },
        "summer": {
          "lambda_km": 840.8186052609223,
          "r_squared": 0.9326841016858265,
          "n_pairs": 610219,
          "n_bins": 36
        },
        "autumn": {
          "lambda_km": 650.4441816571195,
          "r_squared": 0.9282883796277276,
          "n_pairs": 610968,
          "n_bins": 36
        }
      },
      "pos_jitter/phase_alignment": {
        "winter": {
          "lambda_km": 2440.3951452199262,
          "r_squared": 0.9590480649218524,
          "n_pairs": 564675,
          "n_bins": 36
        },
        "spring": {
          "lambda_km": 5065.239696226979,
          "r_squared": 0.9329311327791869,
          "n_pairs": 583902,
          "n_bins": 36
        },
        "summer": {
          "lambda_km": 6059.532082112236,
          "r_squared": 0.9675127194985638,
          "n_pairs": 610219,
          "n_bins": 36
        },
        "autumn": {
          "lambda_km": 3112.581285528253,
          "r_squared": 0.9557378710792352,
          "n_pairs": 610968,
          "n_bins": 36
        }
      },
      "clock_drift/msc": {
        "winter": {
          "lambda_km": 717.796261185785,
          "r_squared": 0.9781126419776263,
          "n_pairs": 564675,
          "n_bins": 36
        },
        "spring": {
          "lambda_km": 763.273289332922,
          "r_squared": 0.9686118068301808,
          "n_pairs": 583902,
          "n_bins": 36
        },
        "summer": {
          "lambda_km": 1002.5562209639312,
          "r_squared": 0.9691878253418545,
          "n_pairs": 610219,
          "n_bins": 36
        },
        "autumn": {
          "lambda_km": 825.6701179794511,
          "r_squared": 0.974147427953269,
          "n_pairs": 610968,