{
  "step": "2.5",
  "name": "orbital_coupling_comprehensive",
  "timestamp": "2025-12-11T01:16:23.887225",
  "methodology": "Monthly EW/NS lambda ratio vs orbital velocity correlation",
  "n_combinations": 9,
  "filters_tested": [
    "ALL_STATIONS",
    "OPTIMAL_100",
    "DYNAMIC_50"
  ],
  "modes_tested": [
    "baseline",
    "ionofree",
    "multi_gnss"
  ],
  "summary": {
    "all_stations": {
      "baseline": {
        "metric": "clock_bias",
        "coherence_type": "msc",
        "pearson_r": -0.5476939874081687,
        "p_value": 0.0005453804786193557,
        "sigma": 3.457416869153818,
        "n_months": 36,
        "seasonal_contrast": 1.5804032475035161
      },
      "ionofree": {
        "metric": "pos_jitter",
        "coherence_type": "msc",
        "pearson_r": -0.3414630548711446,
        "p_value": 0.041530782054437235,
        "sigma": 2.0381915318131516,
        "n_months": 36,
        "seasonal_contrast": 1.5352783973717536
      },
      "multi_gnss": {
        "metric": "pos_jitter",
        "coherence_type": "phase_alignment",
        "pearson_r": -0.7522691915408443,
        "p_value": 1.2208956447542187e-07,
        "sigma": 5.290339433168468,
        "n_months": 36,
        "seasonal_contrast": 1.026613831978192
      }
    },
    "optimal_100": {
      "baseline": {
        "metric": "pos_jitter",
        "coherence_type": "msc",
        "pearson_r": -0.5291880854114825,
        "p_value": 0.0009050127121351275,
        "sigma": 3.318503244220879,
        "n_months": 36,
        "seasonal_contrast": 1.1353257448598792
      },
      "ionofree": {
        "metric": "clock_bias",
        "coherence_type": "phase_alignment",
        "pearson_r": 0.2790245684458752,
        "p_value": 0.09935702051262552,
        "sigma": 1.6479788053785356,
        "n_months": 36,
        "seasonal_contrast": 0.9750478447871983
      },
      "multi_gnss": {
        "metric": "pos_jitter",
        "coherence_type": "msc",
        "pearson_r": -0.4438738130238905,
        "p_value": 0.006692336237033995,
        "sigma": 2.711778171279632,
        "n_months": 36,
        "seasonal_contrast": 1.4351209138904866
      }
    },
    "dynamic_50": {
      "baseline": {
        "metric": "clock_bias",
        "coherence_type": "msc",
        "pearson_r": -0.5476939874081687,
        "p_value": 0.0005453804786193557,
        "sigma": 3.457416869153818,
        "n_months": 36,
        "seasonal_contrast": 1.5804032475035161
      },
      "ionofree": {
        "metric": "pos_jitter",
        "coherence_type": "msc",
        "pearson_r": -0.3414630548711446,
        "p_value": 0.041530782054437235,
        "sigma": 2.0381915318131516,
        "n_months": 36,
        "seasonal_contrast": 1.5352783973717536
      },
      "multi_gnss": {
        "metric": "pos_jitter",
        "coherence_type": "phase_alignment",
        "pearson_r": -0.7522691915408443,
        "p_value": 1.2208956447542187e-07,
        "sigma": 5.290339433168468,
        "n_months": 36,
        "seasonal_contrast": 1.026613831978192
      }
    }
  },
  "code_reference": {
    "code_r": -0.888,
    "code_sigma": 5.1,
    "code_n_months": 300
  },
  "best_result": {
    "metric": "pos_jitter",
    "coherence_type": "phase_alignment",
    "pearson_r": -0.7522691915408443,
    "p_value": 1.2208956447542187e-07,
    "sigma": 5.290339433168468,
    "n_months": 36,
    "seasonal_contrast": 1.026613831978192,
    "filter": "all_stations",
    "mode": "multi_gnss"
  }
}