{
  "step": "2.7",
  "name": "cmb_frame_analysis",
  "timestamp": "2025-12-06T12:06:09.887591",
  "processing_modes": [
    "baseline",
    "precise",
    "ionofree"
  ],
  "primary_mode": "baseline",
  "mode_station_counts": {
    "baseline": 82,
    "precise": 0,
    "ionofree": 80
  },
  "n_pairs": 72486,
  "best_fit": {
    "ra": 140.0,
    "dec": -80.0,
    "correlation": 0.03369856969297201
  },
  "cmb_comparison": {
    "separation_deg": 74.20494061423821,
    "correlation_at_cmb": 0.005959743957053312
  },
  "solar_apex_comparison": {
    "separation_deg": 126.23258354542588,
    "correlation_at_apex": -0.03453938787216996
  },
  "variance_ratio": 0.9519050408747425,
  "comparison_to_code": {
    "code_ra": 186,
    "code_dec": -4,
    "code_cmb_sep": 18.2,
    "code_variance_ratio": 5570,
    "rinex_cmb_sep": 74.20494061423821,
    "rinex_variance_ratio": 0.9519050408747425
  }
}