{
  "step": "2.1b",
  "timestamp": "2025-12-07T15:38:40.422705",
  "results": {
    "clock_bias": {
      "msc": {
        "Q1": {
          "amplitude": 0.21640876107831578,
          "lambda_km": 701.5484684178589,
          "lambda_err": 67.00758209029082,
          "offset": 0.5486478175020898,
          "r_squared": 0.969038813092932,
          "n_pairs": 1938526,
          "n_bins": 39,
          "boundary_hit": false
        },
        "Q2": {
          "amplitude": 0.16710140067397297,
          "lambda_km": 794.2702410108222,
          "lambda_err": 81.80878907560925,
          "offset": 0.5478328000468208,
          "r_squared": 0.9089337606891609,
          "n_pairs": 2111857,
          "n_bins": 33,
          "boundary_hit": false
        },
        "Q3": {
          "amplitude": 0.08350024878175955,
          "lambda_km": 1219.3486672354013,
          "lambda_err": 245.96101734123124,
          "offset": 0.549224280745046,
          "r_squared": 0.7957646849251077,
          "n_pairs": 2560996,
          "n_bins": 35,
          "boundary_hit": false
        },
        "Q4": {
          "amplitude": 0.1888854363620038,
          "lambda_km": 728.6350228215565,
          "lambda_err": 112.96477898194024,
          "offset": 0.5506827629071966,
          "r_squared": 0.844750439274913,
          "n_pairs": 2550407,
          "n_bins": 37,
          "boundary_hit": false
        },
        "Q5": {
          "amplitude": 0.2269209477250701,
          "lambda_km": 724.6429149718726,
          "lambda_err": 68.4208636130118,
          "offset": 0.5467396618659324,
          "r_squared": 0.9203190915163642,
          "n_pairs": 2445040,
          "n_bins": 36,
          "boundary_hit": false
        }
      },
      "phase_alignment": {
        "Q1": {
          "amplitude": 1.113147516822058,
          "lambda_km": 1385.1866585402684,
          "lambda_err": 163.2026403041296,
          "offset": -0.01937422374977259,
          "r_squared": 0.9066036014397711,
          "n_pairs": 1938526,
          "n_bins": 39,
          "boundary_hit": false
        },
        "Q2": {
          "amplitude": 1.0230889889476302,
          "lambda_km": 2021.454569279497,
          "lambda_err": 299.7105697755605,
          "offset": -0.07014757001819251,
          "r_squared": 0.887343170063574,
          "n_pairs": 2111857,
          "n_bins": 33,
          "boundary_hit": false
        },
        "Q3": {
          "amplitude": 0.7635588901202838,
          "lambda_km": 2180.1667740203247,
          "lambda_err": 439.99423296976215,
          "offset": -0.09207955609071722,
          "r_squared": 0.8383538439429763,
          "n_pairs": 2560996,
          "n_bins": 35,
          "boundary_hit": false
        },
        "Q4": {
          "amplitude": 1.0017271641961423,
          "lambda_km": 2192.906778512807,
          "lambda_err": 324.4331740407203,
          "offset": -0.0674633603976304,
          "r_squared": 0.8901142927697524,
          "n_pairs": 2550407,
          "n_bins": 37,
          "boundary_hit": false
        },
        "Q5": {
          "amplitude": 1.1763506599750284,
          "lambda_km": 1922.1951768437343,
          "lambda_err": 247.3308865157623,
          "offset": -0.04806145912478373,
          "r_squared": 0.9022352684862931,
          "n_pairs": 2445040,
          "n_bins": 36,
          "boundary_hit": false
        }
      }
    },
    "pos_jitter": {
      "msc": {
        "Q1": {
          "amplitude": 0.19197648686333282,
          "lambda_km": 1014.2641262875616,
          "lambda_err": 75.46759567818061,
          "offset": 0.5486214271130619,
          "r_squared": 0.9705827961878437,
          "n_pairs": 1938526,
          "n_bins": 39,
          "boundary_hit": false
        },
        "Q2": {
          "amplitude": 0.3095236741119857,
          "lambda_km": 652.8220805617719,
          "lambda_err": 37.96821715910971,
          "offset": 0.5495046975923505,
          "r_squared": 0.9682842739982374,
          "n_pairs": 2111857,
          "n_bins": 33,
          "boundary_hit": false
        },
        "Q3": {
          "amplitude": 0.2539587449693314,
          "lambda_km": 747.6148953695929,
          "lambda_err": 37.94713786307083,
          "offset": 0.5516612698263711,
          "r_squared": 0.980352306442564,
          "n_pairs": 2560996,
          "n_bins": 35,
          "boundary_hit": false
        },
        "Q4": {
          "amplitude": 0.2710173909521718,
          "lambda_km": 761.7749656162921,
          "lambda_err": 37.13022394808893,
          "offset": 0.5512979522463958,
          "r_squared": 0.9821958891586111,
          "n_pairs": 2550407,
          "n_bins": 37,
          "boundary_hit": false
        },
        "Q5": {
          "amplitude": 0.2521882366491789,
          "lambda_km": 887.6057812859248,
          "lambda_err": 68.69297528967462,
          "offset": 0.5475480318979463,
          "r_squared": 0.9482499518256524,
          "n_pairs": 2445040,
          "n_bins": 36,
          "boundary_hit": false
        }
      },
      "phase_alignment": {
        "Q1": {
          "amplitude": 1.1156330347879964,
          "lambda_km": 2116.886844313808,
          "lambda_err": 117.8312591068213,
          "offset": -0.031155695449204154,
          "r_squared": 0.9741929539056418,
          "n_pairs": 1938526,
          "n_bins": 39,
          "boundary_hit": false
        },
        "Q2": {
          "amplitude": 1.3748077783688033,
          "lambda_km": 2138.354608858036,
          "lambda_err": 154.35241772278073,
          "offset": -0.06154280820407458,
          "r_squared": 0.9721194153285035,
          "n_pairs": 2111857,
          "n_bins": 33,
          "boundary_hit": false
        },
        "Q3": {
          "amplitude": 1.3612366035295158,
          "lambda_km": 2016.6008590690694,
          "lambda_err": 173.92716084574954,
          "offset": -0.04362528668041181,
          "r_squared": 0.9645093352513304,
          "n_pairs": 2560996,
          "n_bins": 35,
          "boundary_hit": false
        },
        "Q4": {
          "amplitude": 1.3180750247555186,
          "lambda_km": 2057.165075943311,
          "lambda_err": 159.48846713331656,
          "offset": -0.03557775082796107,
          "r_squared": 0.9657955930097115,
          "n_pairs": 2550407,
          "n_bins": 37,
          "boundary_hit": false
        },
        "Q5": {
          "amplitude": 1.38066004512909,
          "lambda_km": 2151.983181818518,
          "lambda_err": 195.2229163903663,
          "offset": -0.044842238830986085,
          "r_squared": 0.9520529346204489,
          "n_pairs": 2445040,
          "n_bins": 36,
          "boundary_hit": false
        }
      }
    },
    "clock_drift": {
      "msc": {
        "Q1": {
          "amplitude": 0.21370339592183485,
          "lambda_km": 694.8377343491481,
          "lambda_err": 67.9682107284575,
          "offset": 0.5477928443306492,
          "r_squared": 0.967933670677342,
          "n_pairs": 1938526,
          "n_bins": 39,
          "boundary_hit": false
        },
        "Q2": {
          "amplitude": 0.16881800649339143,
          "lambda_km": 759.2748305045939,
          "lambda_err": 78.43505467372476,
          "offset": 0.5467053509586121,
          "r_squared": 0.9078500381215325,
          "n_pairs": 2111857,
          "n_bins": 33,
          "boundary_hit": false
        },
        "Q3": {
          "amplitude": 0.08755291179890405,
          "lambda_km": 1118.3798582093896,
          "lambda_err": 212.70187964372698,
          "offset": 0.5483181089146897,
          "r_squared": 0.807979560978505,
          "n_pairs": 2560996,
          "n_bins": 35,
          "boundary_hit": false
        },
        "Q4": {
          "amplitude": 0.19071347321422918,
          "lambda_km": 695.2192821071995,
          "lambda_err": 106.40360115527662,
          "offset": 0.5494804942645041,
          "r_squared": 0.8477704164475421,