{
  "step": "2.4a",
  "name": "seasonal_analysis_full",
  "timestamp": "2025-12-07T02:18:58.717036",
  "results": {
    "clock_bias/msc": {
      "winter": {
        "lambda_km": 726.1724321451718,
        "r_squared": 0.9687668479712389,
        "n_pairs": 13880332
      },
      "spring": {
        "lambda_km": 679.4802588744893,
        "r_squared": 0.9705909205688699,
        "n_pairs": 14825251
      },
      "summer": {
        "lambda_km": 760.6988157493824,
        "r_squared": 0.9755566177379507,
        "n_pairs": 15472924
      },
      "autumn": {
        "lambda_km": 734.0693322263323,
        "r_squared": 0.9666239488988901,
        "n_pairs": 15361928
      }
    },
    "clock_bias/phase_alignment": {
      "winter": {
        "lambda_km": 1763.1352236959963,
        "r_squared": 0.9559693516020258,
        "n_pairs": 13880332
      },
      "spring": {
        "lambda_km": 1865.1815813731325,
        "r_squared": 0.9372282746583356,
        "n_pairs": 14825251
      },
      "summer": {
        "lambda_km": 1749.7594984477469,
        "r_squared": 0.9221252950438465,
        "n_pairs": 15472924
      },
      "autumn": {
        "lambda_km": 1775.8525144167477,
        "r_squared": 0.9630481655585714,
        "n_pairs": 15361928
      }
    },
    "pos_jitter/msc": {
      "winter": {
        "lambda_km": 854.5058843875574,
        "r_squared": 0.97995683286955,
        "n_pairs": 13880332
      },
      "spring": {
        "lambda_km": 829.7657092762848,
        "r_squared": 0.9766455737522478,
        "n_pairs": 14825251
      },
      "summer": {
        "lambda_km": 938.3795956859889,
        "r_squared": 0.9689208574422766,
        "n_pairs": 15472924
      },
      "autumn": {
        "lambda_km": 903.0158291914205,
        "r_squared": 0.9834588763927272,
        "n_pairs": 15361928
      }
    },
    "pos_jitter/phase_alignment": {
      "winter": {
        "lambda_km": 2008.2669911369335,
        "r_squared": 0.8121714788826753,
        "n_pairs": 13880332
      },
      "spring": {
        "lambda_km": 1920.471744996923,
        "r_squared": 0.8120002873861043,
        "n_pairs": 14825251
      },
      "summer": {
        "lambda_km": 2133.255135486787,
        "r_squared": 0.8637814067369634,
        "n_pairs": 15472924
      },
      "autumn": {
        "lambda_km": 2031.9523121086177,
        "r_squared": 0.8462644741378769,
        "n_pairs": 15361928
      }
    },
    "clock_drift/msc": {
      "winter": {
        "lambda_km": 684.4609937420801,
        "r_squared": 0.9738210143556671,
        "n_pairs": 13880332
      },
      "spring": {
        "lambda_km": 662.4350272630352,
        "r_squared": 0.9726706703264079,
        "n_pairs": 14825251
      },
      "summer": {
        "lambda_km": 763.8736557464961,
        "r_squared": 0.9754588424767715,
        "n_pairs": 15472924
      },
      "autumn": {
        "lambda_km": 689.5183756874513,
        "r_squared": 0.9731491441445476,
        "n_pairs": 15361928
      }
    },
    "clock_drift/phase_alignment": {
      "winter": {
        "lambda_km": 1054.3207059492684,
        "r_squared": 0.9738032649807924,
        "n_pairs": 13880332
      },
      "spring": {
        "lambda_km": 1018.0078022124193,
        "r_squared": 0.9834915747849098,
        "n_pairs": 14825251
      },
      "summer": {
        "lambda_km": 1012.1133192653068,
        "r_squared": 0.9811382012007369,
        "n_pairs": 15472924
      },
      "autumn": {
        "lambda_km": 1022.221408656768,
        "r_squared": 0.9818918244564253,
        "n_pairs": 15361928
      }
    }
  }
}